﻿Designator,Footprint,Quantity,Value,LCSC Part #
"C10, C8",CP_Radial_D8.0mm_P3.80mm,2,100u,
"C11, C202, C7, C9",0805,4,100n,
C201,1206,1,22u,
"D10, D7, D8, D9",0805,4,LED_Small,
"D2, D4, D5, D6",0603,4,TESDU24V,
D3,D_SMA,1,ER1B,
F1,1206,1,0ZCJ0025AF2E,
J2,IDC-Header_2x07_P2.54mm_Vertical,1,Conn_02x07_Odd_Even,
"J3, J4",TerminalBlock_bornier-2_P5.08mm,2,Conn_01x02,
"JP1, JP2",PinHeader_1x02_P2.54mm_Vertical,2,Jumper_NC_Small,
"R3, R7, R8",0805,3,2.2k,
"R4, R6",0805,2,1k,
R5,0805,1,120,
R9,0805,1,470,
SW1,SW_SPST_CK_RS282G05A3,1,SW_Push,
U2,SOIC-8_3.9x4.9mm_P1.27mm,1,MAX13487,
U201,esp32_devkit_v1_doit,1,~,
U3,TO-220-3_Horizontal_TabDown,1,LM7805_TO220,
