﻿Designator,Footprint,Quantity,Value,LCSC Part #
"C10, C8",CP_Radial_D8.0mm_P3.80mm,2,100u,
"C11, C202, C7, C9",0805,4,100n,C49678
C201,1206,1,22u,C12891
"D10, D7, D8, D9",0805,4,LED_Small,C2297
"D2, D4, D5, D6",0603,4,TSDU24V,C2836324
D3,D_SMA,1,ER1B,C2480
F1,1206,1,0ZCJ0025AF2E,C269104
J2,IDC-Header_2x07_P2.54mm_Vertical,1,Conn_02x07_Odd_Even,
J201,PinHeader_2x03_P2.54mm_Vertical,1,Conn_02x03,
"J3, J4",TerminalBlock_bornier-2_P5.08mm,2,Conn_01x02,
"R201, R202",0805,2,10k,C17414
"R3, R7, R8",0805,3,2.2k,C17520
"R4, R6",0805,2,1k,C17513
R5,0805,1,120,C17437
R9,0805,1,470,C17710
SW1,SW_SPST_CK_RS282G05A3,1,SW_Push,
U2,SOIC-8_3.9x4.9mm_P1.27mm,1,MAX13487,C18347
U201,esp32_devkit_v1_doit,1,~,
U3,TO-220-3_Horizontal_TabDown,1,LM7805_TO220,
