﻿Designator,Footprint,Quantity,Value,LCSC Part #
"A1, A2, A3, A4, A5, A6, TRX1, TRX2",UC1-Square-2HolesRight,8,Conn_Coaxial,
"C1, C10, C11, C12, C13, C14, C2, C3, C4, C5, C6, C9",0805,12,1n,
C7,0805,1,100n,
C8,CP_Radial_D8.0mm_P3.50mm,1,470u,
"D1, D10, D15, D16, D2, D24, D25, D30, D31, D32, D39, D40, D9",0603,13,TESDU24V,
"D11, D12, D21, D22, D23, D26, D27, D37, D38, D41, D42, D7, D8",0805,13,LED,
"D13, D14, D17, D18, D19, D20, D28, D29, D3, D33, D34, D35, D36, D4, D43, D44, D5, D6",D_SOD-323,18,1N4148WS,
D45,D_SMA_Handsoldering,1,ER1B,
"E1, E2, E3, E4, E5, E6, E7, E8",GDT_SL1002A_HandSolder,8,SL1002A600SM,
F1,1206,1,0ZCJ0025AF2E,
J1,IDC-Header_2x07_P2.54mm_Vertical,1,Conn_02x07_Odd_Even,
J2,TerminalBlock_bornier-2_P5.08mm,1,Conn_01x02,
"K1, K10, K11, K12, K13, K14, K15, K16, K17, K18, K2, K3, K4, K5, K6, K7, K8, K9",Relay_DPDT_Fujitsu_FTR-K1C,18,Fujitsu_FTR-K1C,
"L1, L2",R_Axial_DIN0411_L9.9mm_D3.6mm_P12.70mm_Horizontal,2,L_Small,
"Q1, Q10, Q11, Q12, Q2, Q3, Q4, Q5, Q6, Q7, Q8, Q9",SOT-23,12,BC817,
"R1, R10, R13, R14, R2, R22, R23, R26, R27, R34, R35, R9",0805,12,1k,
"R11, R12, R19, R20, R21, R24, R25, R32, R33, R36, R37, R7, R8",0805,13,4.7k,
"R15, R16, R17, R18, R28, R29, R3, R30, R31, R4, R5, R6",2512,12,100,
